<questionnaire id="1" name="TestQuestionnaire" version="1.0" uiType="standard" convertedToMagmaVariables="true">
  <locales id="2">
    <locale id="3">en</locale>
  </locales>
  <sections id="4">
    <section id="5" name="RiskFactorTobacco">
      <pages id="6">
        <page id="7" name="Page1" uIFactoryName="quartz.DefaultPageLayoutFactory">
          <section reference="5"/>
          <questions id="8">
            <question id="9" name="EVER_SMOKED" multiple="false" minCount="1" maxCount="1" uIFactoryName="quartz.DefaultQuestionPanelFactory">
              <page reference="7"/>
              <questionCategories id="10">
                <questionCategory id="11">
                  <question reference="9"/>
                  <category id="12" name="YES" escape="false">
                    <variableNames id="13"/>
                    <noAnswer>false</noAnswer>
                  </category>
                </questionCategory>
                <questionCategory id="14">
                  <question reference="9"/>
                  <category id="15" name="NO__SM266919005" escape="false">
                    <variableNames id="16"/>
                    <noAnswer>false</noAnswer>
                  </category>
                </questionCategory>
                <questionCategory id="17">
                  <question reference="9"/>
                  <category id="18" name="PNA" escape="false">
                    <variableNames id="19"/>
                    <noAnswer>false</noAnswer>
                  </category>
                </questionCategory>
                <questionCategory id="20">
                  <question reference="9"/>
                  <category id="21" name="DK" escape="false">
                    <variableNames id="22"/>
                    <noAnswer>false</noAnswer>
                  </category>
                </questionCategory>
              </questionCategories>
              <questions id="23"/>
            </question>
            <question id="24" name="WHAT_SMOKED" multiple="true" minCount="1" uIFactoryName="quartz.DefaultQuestionPanelFactory">
              <page reference="7"/>
              <questionCategories id="25">
                <questionCategory id="26">
                  <question reference="24"/>
                  <category id="27" name="CIGARETTES__ICI00-I99_9" escape="false">
                    <variableNames id="28"/>
                    <noAnswer>false</noAnswer>
                  </category>
                </questionCategory>
                <questionCategory id="29">
                  <question reference="24"/>
                  <category id="30" name="CIGAR__SM59978006" escape="false">
                    <variableNames id="31"/>
                    <noAnswer>false</noAnswer>
                  </category>
                </questionCategory>
                <questionCategory id="32">
                  <question reference="24"/>
                  <category id="33" name="PIPE__SM82302008" escape="false">
                    <variableNames id="34"/>
                    <noAnswer>false</noAnswer>
                  </category>
                </questionCategory>
                <questionCategory id="35">
                  <question reference="24"/>
                  <category id="36" name="OTHER" escape="false">
                    <openAnswerDefinition id="37" name="TEXT" dataType="TEXT" required="false">
                      <uIArguments id="38">
                        <string-array id="39">
                          <string>size</string>
                          <string>20</string>
                        </string-array>
                      </uIArguments>
                      <validators id="40"/>
                      <validationDataSources id="41"/>
                      <defaultValues id="42"/>
                      <openAnswerDefinitions id="43"/>
                      <variableNames id="44"/>
                    </openAnswerDefinition>
                    <variableNames id="45"/>
                    <noAnswer>false</noAnswer>
                  </category>
                </questionCategory>
              </questionCategories>
              <questions id="47"/>
            </question>
            <question id="48" name="EVER_USED" multiple="false" minCount="1" maxCount="1" uIFactoryName="quartz.DefaultQuestionPanelFactory">
              <page reference="7"/>
              <questionCategories id="49">
                <questionCategory id="50">
                  <question reference="48"/>
                  <category id="51" name="YES__ICL00-L99_9" escape="false">
                    <variableNames id="52"/>
                    <noAnswer>false</noAnswer>
                  </category>
                </questionCategory>
                <questionCategory id="53">
                  <question reference="48"/>
                  <category id="54" name="NO__ICL80-L99_9" escape="false">
                    <variableNames id="55"/>
                    <noAnswer>false</noAnswer>
                  </category>
                </questionCategory>
                <questionCategory id="56">
                  <question reference="48"/>
                  <category id="57" name="PNA" escape="false">
                    <variableNames id="58"/>
                    <noAnswer>false</noAnswer>
                  </category>
                </questionCategory>
                <questionCategory id="59">
                  <question reference="48"/>
                  <category id="60" name="DK" escape="false">
                    <variableNames id="61"/>
                    <noAnswer>false</noAnswer>
                  </category>
                </questionCategory>
              </questionCategories>
              <questions id="62"/>
            </question>
            <question id="63" name="WHAT_USED" multiple="true" minCount="1" uIFactoryName="quartz.DefaultQuestionPanelFactory">
              <page reference="7"/>
              <questionCategories id="64">
                <questionCategory id="65">
                  <question reference="63"/>
                  <category id="66" name="SNUFF__ICZ73_4" escape="false">
                    <variableNames id="67"/>
                    <noAnswer>false</noAnswer>
                  </category>
                </questionCategory>
                <questionCategory id="68">
                  <question reference="63"/>
                  <category id="69" name="CHEWING_TOBACCO__ICZ72_1" escape="false">
                    <variableNames id="70"/>
                    <noAnswer>false</noAnswer>
                  </category>
                </questionCategory>
                <questionCategory id="71">
                  <question reference="63"/>
                  <category id="72" name="OTHER" escape="false">
                    <openAnswerDefinition id="73" name="TEXT" dataType="TEXT" required="false">
                      <uIArguments id="74">
                        <string-array id="75">
                          <string>size</string>
                          <string>20</string>
                        </string-array>
                      </uIArguments>
                      <validators id="76"/>
                      <validationDataSources id="77"/>
                      <defaultValues id="78"/>
                      <openAnswerDefinitions id="79"/>
                      <variableNames id="80"/>
                    </openAnswerDefinition>
                    <variableNames id="81"/>
                    <noAnswer>false</noAnswer>
                  </category>
                </questionCategory>
              </questionCategories>
              
              <questions id="83"/>
            </question>
          </questions>
        </page>
      </pages>
      <sections id="84"/>
    </section>
    <section id="85" name="RiskFactorCigs">
      <pages id="86">
        <page id="87" name="Page2" uIFactoryName="quartz.DefaultPageLayoutFactory">
          <section reference="85"/>
          <questions id="88">
			<question id="89" name="CIGS_ON_MOST_DAYS" multiple="false" minCount="1" maxCount="1" uIFactoryName="quartz.DefaultQuestionPanelFactory">
              <page reference="87"/>
              <questionCategories id="90">
                <questionCategory id="91">
                  <question reference="89"/>
                  <category id="92" name="YES__ICZ72" escape="false">
                    <variableNames id="93"/>
                    <noAnswer>false</noAnswer>
                  </category>
                </questionCategory>
                <questionCategory id="94">
                  <question reference="89"/>
                  <category id="95" name="NO__LC19787-1" escape="false">
                    <variableNames id="96"/>
                    <noAnswer>false</noAnswer>
                  </category>
                </questionCategory>
                <questionCategory id="97">
                  <question reference="89"/>
                  <category id="98" name="PNA" escape="false">
                    <variableNames id="99"/>
                    <noAnswer>false</noAnswer>
                  </category>
                </questionCategory>
                <questionCategory id="100">
                  <question reference="89"/>
                  <category id="101" name="DK" escape="false">
                    <variableNames id="102"/>
                    <noAnswer>false</noAnswer>
                  </category>
                </questionCategory>
              </questionCategories>
              
              <questions id="104"/>
            </question>
            <question id="105" name="CURRENT_SMOKE_CIGS" multiple="false" minCount="1" maxCount="1" uIFactoryName="quartz.DefaultQuestionPanelFactory">
              <page reference="87"/>
              <questionCategories id="106">
                <questionCategory id="107">
                  <question reference="105"/>
                  <category id="108" name="YES__SM65568007" escape="false">
                    <variableNames id="109"/>
                    <noAnswer>false</noAnswer>
                  </category>
                </questionCategory>
                <questionCategory id="110">
                  <question reference="105"/>
                  <category id="111" name="NO__SM160617001" escape="false">
                    <variableNames id="112"/>
                    <noAnswer>false</noAnswer>
                  </category>
                </questionCategory>
                <questionCategory id="113">
                  <question reference="105"/>
                  <category id="114" name="PNA" escape="false">
                    <variableNames id="115"/>
                    <noAnswer>false</noAnswer>
                  </category>
                </questionCategory>
                <questionCategory id="116">
                  <question reference="105"/>
                  <category id="117" name="DK" escape="false">
                    <variableNames id="118"/>
                    <noAnswer>false</noAnswer>
                  </category>
                </questionCategory>
              </questionCategories>
              
              <questions id="120"/>
            </question>
            <question id="121" name="NUMBER_CIGS_PER_DAY" multiple="false" minCount="1" maxCount="1" uIFactoryName="quartz.DefaultQuestionPanelFactory">
              <page reference="87"/>
              <questionCategories id="122">
                <questionCategory id="123">
                  <question reference="121"/>
                  <category id="124" name="TRIVIAL__SM266920004" escape="false">
                    <variableNames id="125"/>
                    <noAnswer>false</noAnswer>
                  </category>
                </questionCategory>
                <questionCategory id="126">
                  <question reference="121"/>
                  <category id="127" name="LIGHT__SM160603005" escape="false">
                    <variableNames id="128"/>
                    <noAnswer>false</noAnswer>
                  </category>
                </questionCategory>
                <questionCategory id="129">
                  <question reference="121"/>
                  <category id="130" name="MODERATE__SM160604004" escape="false">
                    <variableNames id="131"/>
                    <noAnswer>false</noAnswer>
                  </category>
                </questionCategory>
                <questionCategory id="132">
                  <question reference="121"/>
                  <category id="133" name="HEAVY__SM160605003" escape="false">
                    <variableNames id="134"/>
                    <noAnswer>false</noAnswer>
                  </category>
                </questionCategory>
                <questionCategory id="135">
                  <question reference="121"/>
                  <category id="136" name="VERY_HEAVY__SM160606002" escape="false">
                    <variableNames id="137"/>
                    <noAnswer>false</noAnswer>
                  </category>
                </questionCategory>
              </questionCategories>
              
              <questions id="139"/>
            </question>
            <question id="140" name="CIGS_PER_DAY_BEFORE" multiple="false" minCount="1" maxCount="1" uIFactoryName="quartz.DefaultQuestionPanelFactory">
              <page reference="87"/>
              <questionCategories id="141">
                <questionCategory id="142">
                  <question reference="140"/>
                  <category id="143" name="TRIVIAL__SM266921000" escape="false">
                    <variableNames id="144"/>
                    <noAnswer>false</noAnswer>
                  </category>
                </questionCategory>
                <questionCategory id="145">
                  <question reference="140"/>
                  <category id="146" name="LIGHT__SM266922007" escape="false">
                    <variableNames id="147"/>
                    <noAnswer>false</noAnswer>
                  </category>
                </questionCategory>
                <questionCategory id="148">
                  <question reference="140"/>
                  <category id="149" name="MODERATE__SM266923002" escape="false">
                    <variableNames id="150"/>
                    <noAnswer>false</noAnswer>
                  </category>
                </questionCategory>
                <questionCategory id="151">
                  <question reference="140"/>
                  <category id="152" name="HEAVY__SM266924008" escape="false">
                    <variableNames id="153"/>
                    <noAnswer>false</noAnswer>
                  </category>
                </questionCategory>
                <questionCategory id="154">
                  <question reference="140"/>
                  <category id="155" name="VERY_HEAVY__SM266925009" escape="false">
                    <variableNames id="156"/>
                    <noAnswer>false</noAnswer>
                  </category>
                </questionCategory>
                <questionCategory id="157">
                  <question reference="140"/>
                  <category id="158" name="UNKNOWN__SM266928006" escape="false">
                    <variableNames id="159"/>
                    <noAnswer>false</noAnswer>
                  </category>
                </questionCategory>
              </questionCategories>
              
              <questions id="160"/>
            </question>
            <question id="161" name="AGE_BEGAN_SMOKING" multiple="false" minCount="1" uIFactoryName="quartz.DefaultQuestionPanelFactory">
              <page reference="87"/>
              <questionCategories id="162">
                <questionCategory id="163">
                  <question reference="161"/>
                  <category id="164" name="VALUE" escape="false">
                    <openAnswerDefinition id="165" name="VALUE__SM228488005" dataType="INTEGER" required="false" unit="years">
                      <uIArguments id="166">
                        <string-array id="167">
                          <string>size</string>
                          <string>3</string>
                        </string-array>
                      </uIArguments>
                      <validators id="168"/>
                      <validationDataSources id="169"/>
                      <defaultValues id="170"/>
                      <openAnswerDefinitions id="171"/>
                      <variableNames id="172"/>
                    </openAnswerDefinition>
                    <variableNames id="173"/>
                    <noAnswer>false</noAnswer>
                  </category>
                </questionCategory>
              </questionCategories>
              
              <questions id="175"/>
            </question>
            <question id="176" name="YEAR_STOPPED_SMOKING" multiple="false" minCount="1" uIFactoryName="quartz.DefaultQuestionPanelFactory">
              <page reference="87"/>
              <questionCategories id="177">
                <questionCategory id="178">
                  <question reference="176"/>
                  <category id="179" name="VALUE" escape="false">
                    <openAnswerDefinition id="180" name="VALUE__SM160625004" dataType="INTEGER" required="false">
                      <uIArguments id="181">
                        <string-array id="182">
                          <string>size</string>
                          <string>4</string>
                        </string-array>
                      </uIArguments>
                      <validators id="183"/>
                      <validationDataSources id="184"/>
                      <defaultValues id="185"/>
                      <openAnswerDefinitions id="186"/>
                      <variableNames id="187"/>
                    </openAnswerDefinition>
                    <variableNames id="188"/>
                    <noAnswer>false</noAnswer>
                  </category>
                </questionCategory>
              </questionCategories>
              
              <questions id="190"/>
            </question>
          </questions>
        </page>
      </pages>
      <sections id="191"/>
    </section>
    <section id="192" name="RiskFactorCigars">
      <pages id="193">
        <page id="194" name="Page3" uIFactoryName="quartz.DefaultPageLayoutFactory">
          <section reference="192"/>
          <questions id="195">
            <question id="196" name="CURRENT_SMOKE_CIGARS" multiple="false" minCount="1" maxCount="1" uIFactoryName="quartz.DefaultQuestionPanelFactory">
              <page reference="194"/>
              <questionCategories id="197">
                <questionCategory id="198">
                  <question reference="196"/>
                  <category id="199" name="YES__LCMTHU000075" escape="false">
                    <variableNames id="200"/>
                    <noAnswer>false</noAnswer>
                  </category>
                </questionCategory>
                <questionCategory id="201">
                  <question reference="196"/>
                  <category id="202" name="NO" escape="false">
                    <variableNames id="203"/>
                    <noAnswer>false</noAnswer>
                  </category>
                </questionCategory>
                <questionCategory id="204">
                  <question reference="196"/>
                  <category id="205" name="PNA" escape="false">
                    <variableNames id="206"/>
                    <noAnswer>false</noAnswer>
                  </category>
                </questionCategory>
                <questionCategory id="207">
                  <question reference="196"/>
                  <category id="208" name="DK" escape="false">
                    <variableNames id="209"/>
                    <noAnswer>false</noAnswer>
                  </category>
                </questionCategory>
              </questionCategories>
              
              <questions id="210"/>
            </question>
          </questions>
        </page>
      </pages>
      <sections id="211"/>
    </section>
    <section id="212" name="RiskFactorOtherTobacco">
      <pages id="213">
        <page id="214" name="Page4" uIFactoryName="quartz.DefaultPageLayoutFactory">
          <section reference="212"/>
          <questions id="215">
            <question id="216" name="CURRENT_SMOKE_PIPE" multiple="false" minCount="1" maxCount="1" uIFactoryName="quartz.DefaultQuestionPanelFactory">
              <page reference="214"/>
              <questionCategories id="217">
                <questionCategory id="218">
                  <question reference="216"/>
                  <category id="219" name="YES__SM82302008" escape="false">
                    <variableNames id="220"/>
                    <noAnswer>false</noAnswer>
                  </category>
                </questionCategory>
                <questionCategory id="221">
                  <question reference="216"/>
                  <category id="222" name="NO__LC9849-1" escape="false">
                    <variableNames id="223"/>
                    <noAnswer>false</noAnswer>
                  </category>
                </questionCategory>
                <questionCategory id="224">
                  <question reference="216"/>
                  <category id="225" name="PNA" escape="false">
                    <variableNames id="226"/>
                    <noAnswer>false</noAnswer>
                  </category>
                </questionCategory>
                <questionCategory id="227">
                  <question reference="216"/>
                  <category id="228" name="DK" escape="false">
                    <variableNames id="229"/>
                    <noAnswer>false</noAnswer>
                  </category>
                </questionCategory>
              </questionCategories>
              
              <questions id="230"/>
            </question>
            <question id="231" name="PIPE_CONSUMPTION_WEEK" multiple="false" minCount="1" maxCount="1" uIFactoryName="quartz.DefaultQuestionPanelFactory">
              <page reference="214"/>
              <questionCategories id="232">
                <questionCategory id="233">
                  <question reference="231"/>
                  <category id="234" name="AMOUNT" escape="false">
                    <openAnswerDefinition id="235" name="VALUE__SM230058003" dataType="INTEGER" required="false" unit="grams">
                      <uIArguments id="236">
                        <string-array id="237">
                          <string>size</string>
                          <string>5</string>
                        </string-array>
                      </uIArguments>
                      <validators id="238"/>
                      <validationDataSources id="239"/>
                      <defaultValues id="240"/>
                      <openAnswerDefinitions id="241"/>
                      <variableNames id="242"/>
                    </openAnswerDefinition>
                    <variableNames id="243"/>
                    <noAnswer>false</noAnswer>
                  </category>
                </questionCategory>
                <questionCategory id="244">
                  <question reference="231"/>
                  <category id="245" name="PNA" escape="false">
                    <variableNames id="246"/>
                    <noAnswer>false</noAnswer>
                  </category>
                </questionCategory>
                <questionCategory id="247">
                  <question reference="231"/>
                  <category id="248" name="DK" escape="false">
                    <variableNames id="249"/>
                    <noAnswer>false</noAnswer>
                  </category>
                </questionCategory>
              </questionCategories>
              
              <questions id="250"/>
            </question>
            <question id="251" name="REGULAR_SNUFF_USER" multiple="false" minCount="1" maxCount="1" uIFactoryName="quartz.DefaultQuestionPanelFactory">
              <page reference="214"/>
              <questionCategories id="252">
                <questionCategory id="253">
                  <question reference="251"/>
                  <category id="254" name="YES__SM160603005" escape="false">
                    <variableNames id="255"/>
                    <noAnswer>false</noAnswer>
                  </category>
                </questionCategory>
                <questionCategory id="256">
                  <question reference="251"/>
                  <category id="257" name="NO" escape="false">
                    <variableNames id="258"/>
                    <noAnswer>false</noAnswer>
                  </category>
                </questionCategory>
                <questionCategory id="259">
                  <question reference="251"/>
                  <category id="260" name="PNA" escape="false">
                    <variableNames id="261"/>
                    <noAnswer>false</noAnswer>
                  </category>
                </questionCategory>
                <questionCategory id="262">
                  <question reference="251"/>
                  <category id="263" name="DK" escape="false">
                    <variableNames id="264"/>
                    <noAnswer>false</noAnswer>
                  </category>
                </questionCategory>
              </questionCategories>
              
              <questions id="265"/>
            </question>
            <question id="266" name="CURRENT_SNUFF_USER" multiple="false" minCount="1" maxCount="1" uIFactoryName="quartz.DefaultQuestionPanelFactory">
              <page reference="214"/>
              <questionCategories id="267">
                <questionCategory id="268">
                  <question reference="266"/>
                  <category id="269" name="YES__SM228494002" escape="false">
                    <variableNames id="270"/>
                    <noAnswer>false</noAnswer>
                  </category>
                </questionCategory>
                <questionCategory id="271">
                  <question reference="266"/>
                  <category id="272" name="NO" escape="false">
                    <variableNames id="273"/>
                    <noAnswer>false</noAnswer>
                  </category>
                </questionCategory>
                <questionCategory id="274">
                  <question reference="266"/>
                  <category id="275" name="PNA" escape="false">
                    <variableNames id="276"/>
                    <noAnswer>false</noAnswer>
                  </category>
                </questionCategory>
                <questionCategory id="277">
                  <question reference="266"/>
                  <category id="278" name="DK" escape="false">
                    <variableNames id="279"/>
                    <noAnswer>false</noAnswer>
                  </category>
                </questionCategory>
              </questionCategories>
              
              <questions id="280"/>
            </question>
            <question id="281" name="SNUFF_CONSUMPTION_WEEK" multiple="false" minCount="1" maxCount="1" uIFactoryName="quartz.DefaultQuestionPanelFactory">
              <page reference="214"/>
              <questionCategories id="282">
                <questionCategory id="283">
                  <question reference="281"/>
                  <category id="284" name="AMOUNT" escape="false">
                    <openAnswerDefinition id="285" name="AMOUNT__SM228490006" dataType="INTEGER" required="false" unit="grams">
                      <uIArguments id="286">
                        <string-array id="287">
                          <string>size</string>
                          <string>5</string>
                        </string-array>
                      </uIArguments>
                      <validators id="288"/>
                      <validationDataSources id="289"/>
                      <defaultValues id="290"/>
                      <openAnswerDefinitions id="291"/>
                      <variableNames id="292"/>
                    </openAnswerDefinition>
                    <variableNames id="293"/>
                    <noAnswer>false</noAnswer>
                  </category>
                </questionCategory>
                <questionCategory id="294">
                  <question reference="281"/>
                  <category id="295" name="PNA" escape="false">
                    <variableNames id="296"/>
                    <noAnswer>false</noAnswer>
                  </category>
                </questionCategory>
                <questionCategory id="297">
                  <question reference="281"/>
                  <category id="298" name="DK" escape="false">
                    <variableNames id="299"/>
                    <noAnswer>false</noAnswer>
                  </category>
                </questionCategory>
              </questionCategories>
              
              <questions id="300"/>
            </question>
            <question id="301" name="REGULAR_TOBACCO_CHEWER" multiple="false" minCount="1" maxCount="1" uIFactoryName="quartz.DefaultQuestionPanelFactory">
              <page reference="214"/>
              <questionCategories id="302">
                <questionCategory id="303">
                  <question reference="301"/>
                  <category id="304" name="YES__SM81911001" escape="false">
                    <variableNames id="305"/>
                    <noAnswer>false</noAnswer>
                  </category>
                </questionCategory>
                <questionCategory id="306">
                  <question reference="301"/>
                  <category id="307" name="NO" escape="false">
                    <variableNames id="308"/>
                    <noAnswer>false</noAnswer>
                  </category>
                </questionCategory>
                <questionCategory id="309">
                  <question reference="301"/>
                  <category id="310" name="PNA" escape="false">
                    <variableNames id="311"/>
                    <noAnswer>false</noAnswer>
                  </category>
                </questionCategory>
                <questionCategory id="312">
                  <question reference="301"/>
                  <category id="313" name="DK" escape="false">
                    <variableNames id="314"/>
                    <noAnswer>false</noAnswer>
                  </category>
                </questionCategory>
              </questionCategories>
              
              <questions id="315"/>
            </question>
            <question id="316" name="CURRENT_TOBACCO_CHEWER" multiple="false" minCount="1" maxCount="1" uIFactoryName="quartz.DefaultQuestionPanelFactory">
              <page reference="214"/>
              <questionCategories id="317">
                <questionCategory id="318">
                  <question reference="316"/>
                  <category id="319" name="YES__SM228494002" escape="false">
                    <variableNames id="320"/>
                    <noAnswer>false</noAnswer>
                  </category>
                </questionCategory>
                <questionCategory id="321">
                  <question reference="316"/>
                  <category id="322" name="NO" escape="false">
                    <variableNames id="323"/>
                    <noAnswer>false</noAnswer>
                  </category>
                </questionCategory>
                <questionCategory id="324">
                  <question reference="316"/>
                  <category id="325" name="PNA" escape="false">
                    <variableNames id="326"/>
                    <noAnswer>false</noAnswer>
                  </category>
                </questionCategory>
                <questionCategory id="327">
                  <question reference="316"/>
                  <category id="328" name="DK" escape="false">
                    <variableNames id="329"/>
                    <noAnswer>false</noAnswer>
                  </category>
                </questionCategory>
              </questionCategories>
              
              <questions id="330"/>
            </question>
            <question id="331" name="TOBACCO_CONSUMPTION_WEEK" multiple="false" minCount="1" maxCount="1" uIFactoryName="quartz.DefaultQuestionPanelFactory">
              <page reference="214"/>
              <questionCategories id="332">
                <questionCategory id="333">
                  <question reference="331"/>
                  <category id="334" name="AMOUNT" escape="false">
                    <openAnswerDefinition id="335" name="VALUE__SM228490006" dataType="INTEGER" required="false" unit="grams">
                      <uIArguments id="336">
                        <string-array id="337">
                          <string>size</string>
                          <string>5</string>
                        </string-array>
                      </uIArguments>
                      <validators id="338"/>
                      <validationDataSources id="339"/>
                      <defaultValues id="340"/>
                      <openAnswerDefinitions id="341"/>
                      <variableNames id="342"/>
                    </openAnswerDefinition>
                    <variableNames id="343"/>
                    <noAnswer>false</noAnswer>
                  </category>
                </questionCategory>
                <questionCategory id="344">
                  <question reference="331"/>
                  <category id="345" name="PNA" escape="false">
                    <variableNames id="346"/>
                    <noAnswer>false</noAnswer>
                  </category>
                </questionCategory>
                <questionCategory id="347">
                  <question reference="331"/>
                  <category id="348" name="DK" escape="false">
                    <variableNames id="349"/>
                    <noAnswer>false</noAnswer>
                  </category>
                </questionCategory>
              </questionCategories>
              
              <questions id="350"/>
            </question>
          </questions>
        </page>
      </pages>
      <sections id="351"/>
    </section>
    <section id="352" name="RiskFactorAlcohol">
      <pages id="353">
        <page id="354" name="Page5" uIFactoryName="quartz.DefaultPageLayoutFactory">
          <section reference="352"/>
          <questions id="355">
            <question id="356" name="EVER_DRUNK_ALCOHOL" multiple="false" minCount="1" maxCount="1" uIFactoryName="quartz.DefaultQuestionPanelFactory">
              <page reference="354"/>
              <questionCategories id="357">
                <questionCategory id="358">
                  <question reference="356"/>
                  <category id="359" name="YES" escape="false">
                    <variableNames id="360"/>
                    <noAnswer>false</noAnswer>
                  </category>
                </questionCategory>
                <questionCategory id="361">
                  <question reference="356"/>
                  <category id="362" name="NO__SM228274009" escape="false">
                    <variableNames id="363"/>
                    <noAnswer>false</noAnswer>
                  </category>
                </questionCategory>
                <questionCategory id="364">
                  <question reference="356"/>
                  <category id="365" name="PNA" escape="false">
                    <variableNames id="366"/>
                    <noAnswer>false</noAnswer>
                  </category>
                </questionCategory>
                <questionCategory id="367">
                  <question reference="356"/>
                  <category id="368" name="DK" escape="false">
                    <variableNames id="369"/>
                    <noAnswer>false</noAnswer>
                  </category>
                </questionCategory>
              </questionCategories>
              <questions id="370"/>
            </question>
            <question id="371" name="DRINK_ONCE_WEEK" multiple="false" minCount="1" maxCount="1" uIFactoryName="quartz.DefaultQuestionPanelFactory">
              <page reference="354"/>
              <questionCategories id="372">
                <questionCategory id="373">
                  <question reference="371"/>
                  <category id="374" name="YES__SM219006" escape="false">
                    <variableNames id="375"/>
                    <noAnswer>false</noAnswer>
                  </category>
                </questionCategory>
                <questionCategory id="376">
                  <question reference="371"/>
                  <category id="377" name="NO" escape="false">
                    <variableNames id="378"/>
                    <noAnswer>false</noAnswer>
                  </category>
                </questionCategory>
                <questionCategory id="379">
                  <question reference="371"/>
                  <category id="380" name="PNA" escape="false">
                    <variableNames id="381"/>
                    <noAnswer>false</noAnswer>
                  </category>
                </questionCategory>
                <questionCategory id="382">
                  <question reference="371"/>
                  <category id="383" name="DK" escape="false">
                    <variableNames id="384"/>
                    <noAnswer>false</noAnswer>
                  </category>
                </questionCategory>
              </questionCategories>
              <questions id="385"/>
            </question>
            <question id="386" name="BEER_CONSUMPTION_WEEK" multiple="false" minCount="1" maxCount="1" uIFactoryName="quartz.DefaultQuestionPanelFactory">
              <page reference="354"/>
              <questionCategories id="387">
                <questionCategory id="388">
                  <question reference="386"/>
                  <category id="389" name="AMOUNT" escape="false">
                    <openAnswerDefinition id="390" name="VALUE__SM230085005" dataType="INTEGER" required="false" unit="pints">
                      <uIArguments id="391">
                        <string-array id="392">
                          <string>size</string>
                          <string>5</string>
                        </string-array>
                      </uIArguments>
                      <validators id="393"/>
                      <validationDataSources id="394"/>
                      <defaultValues id="395"/>
                      <openAnswerDefinitions id="396"/>
                      <variableNames id="397"/>
                    </openAnswerDefinition>
                    <variableNames id="398"/>
                    <noAnswer>false</noAnswer>
                  </category>
                </questionCategory>
                <questionCategory id="399">
                  <question reference="386"/>
                  <category id="400" name="PNA" escape="false">
                    <variableNames id="401"/>
                    <noAnswer>false</noAnswer>
                  </category>
                </questionCategory>
                <questionCategory id="402">
                  <question reference="386"/>
                  <category id="403" name="DK" escape="false">
                    <variableNames id="404"/>
                    <noAnswer>false</noAnswer>
                  </category>
                </questionCategory>
              </questionCategories>
              
              <questions id="405"/>
            </question>
            <question id="406" name="WINE_CONSUMPTION_WEEK" multiple="false" minCount="1" maxCount="1" uIFactoryName="quartz.DefaultQuestionPanelFactory">
              <page reference="354"/>
              <questionCategories id="407">
                <questionCategory id="408">
                  <question reference="406"/>
                  <category id="409" name="AMOUNT" escape="false">
                    <openAnswerDefinition id="410" name="VALUE__SM230086006" dataType="INTEGER" required="false" unit="glasses">
                      <uIArguments id="411">
                        <string-array id="412">
                          <string>size</string>
                          <string>5</string>
                        </string-array>
                      </uIArguments>
                      <validators id="413"/>
                      <validationDataSources id="414"/>
                      <defaultValues id="415"/>
                      <openAnswerDefinitions id="416"/>
                      <variableNames id="417"/>
                    </openAnswerDefinition>
                    <variableNames id="418"/>
                    <noAnswer>false</noAnswer>
                  </category>
                </questionCategory>
                <questionCategory id="419">
                  <question reference="406"/>
                  <category id="420" name="PNA" escape="false">
                    <variableNames id="421"/>
                    <noAnswer>false</noAnswer>
                  </category>
                </questionCategory>
                <questionCategory id="422">
                  <question reference="406"/>
                  <category id="423" name="DK" escape="false">
                    <variableNames id="424"/>
                    <noAnswer>false</noAnswer>
                  </category>
                </questionCategory>
              </questionCategories>
              
              <questions id="425"/>
            </question>
            <question id="426" name="SPIRIT_CONSUMPTION_WEEK" multiple="false" minCount="1" maxCount="1" uIFactoryName="quartz.DefaultQuestionPanelFactory">
              <page reference="354"/>
              <questionCategories id="427">
                <questionCategory id="428">
                  <question reference="426"/>
                  <category id="429" name="AMOUNT" escape="false">
                    <openAnswerDefinition id="430" name="VALUE__SM230088007" dataType="INTEGER" required="false" unit="measures">
                      <uIArguments id="431">
                        <string-array id="432">
                          <string>size</string>
                          <string>5</string>
                        </string-array>
                      </uIArguments>
                      <validators id="433"/>
                      <validationDataSources id="434"/>
                      <defaultValues id="435"/>
                      <openAnswerDefinitions id="436"/>
                      <variableNames id="437"/>
                    </openAnswerDefinition>
                    <variableNames id="438"/>
                    <noAnswer>false</noAnswer>
                  </category>
                </questionCategory>
                <questionCategory id="439">
                  <question reference="426"/>
                  <category id="440" name="PNA" escape="false">
                    <variableNames id="441"/>
                    <noAnswer>false</noAnswer>
                  </category>
                </questionCategory>
                <questionCategory id="442">
                  <question reference="426"/>
                  <category id="443" name="DK" escape="false">
                    <variableNames id="444"/>
                    <noAnswer>false</noAnswer>
                  </category>
                </questionCategory>
              </questionCategories>
              
              <questions id="445"/>
            </question>
            <question id="446" name="AGE_BEGAN_DRINKING" multiple="false" minCount="1" maxCount="1" uIFactoryName="quartz.DefaultQuestionPanelFactory">
              <page reference="354"/>
              <questionCategories id="447">
                <questionCategory id="448">
                  <question reference="446"/>
                  <category id="449" name="AMOUNT" escape="false">
                    <openAnswerDefinition id="450" name="VALUE__SM228328008" dataType="INTEGER" required="false" unit="years">
                      <uIArguments id="451">
                        <string-array id="452">
                          <string>size</string>
                          <string>3</string>
                        </string-array>
                      </uIArguments>
                      <validators id="453"/>
                      <validationDataSources id="454"/>
                      <defaultValues id="455"/>
                      <openAnswerDefinitions id="456"/>
                      <variableNames id="457"/>
                    </openAnswerDefinition>
                    <variableNames id="458"/>
                    <noAnswer>false</noAnswer>
                  </category>
                </questionCategory>
                <questionCategory id="459">
                  <question reference="446"/>
                  <category id="460" name="PNA" escape="false">
                    <variableNames id="461"/>
                    <noAnswer>false</noAnswer>
                  </category>
                </questionCategory>
                <questionCategory id="462">
                  <question reference="446"/>
                  <category id="463" name="DK" escape="false">
                    <variableNames id="464"/>
                    <noAnswer>false</noAnswer>
                  </category>
                </questionCategory>
              </questionCategories>
              
              <questions id="465"/>
            </question>
          </questions>
        </page>
      </pages>
      <sections id="466"/>
    </section>
    <section id="467" name="RiskFactorDietExercise">
      <pages id="468">
        <page id="469" name="Page6" uIFactoryName="quartz.DefaultPageLayoutFactory">
          <section reference="467"/>
          <questions id="470">
            <question id="471" name="CURRENT_DIET" multiple="false" minCount="1" maxCount="1" uIFactoryName="quartz.DefaultQuestionPanelFactory">
              <page reference="469"/>
              <questionCategories id="472">
                <questionCategory id="473">
                  <question reference="471"/>
                  <category id="474" name="VEGETARIAN__SM5940000" escape="false">
                    <variableNames id="475"/>
                    <noAnswer>false</noAnswer>
                  </category>
                </questionCategory>
                <questionCategory id="476">
                  <question reference="471"/>
                  <category id="477" name="VEGAN__SM24930006" escape="false">
                    <variableNames id="478"/>
                    <noAnswer>false</noAnswer>
                  </category>
                </questionCategory>
                <questionCategory id="479">
                  <question reference="471"/>
                  <category id="480" name="PESCATARIAN" escape="false">
                    <variableNames id="481"/>
                    <noAnswer>false</noAnswer>
                  </category>
                </questionCategory>
                <questionCategory id="482">
                  <question reference="471"/>
                  <category id="483" name="OMNIVORE__SM284731009" escape="false">
                    <variableNames id="484"/>
                    <noAnswer>false</noAnswer>
                  </category>
                </questionCategory>
                <questionCategory id="485">
                  <question reference="471"/>
                  <category id="486" name="PNA" escape="false">
                    <variableNames id="487"/>
                    <noAnswer>false</noAnswer>
                  </category>
                </questionCategory>
                <questionCategory id="488">
                  <question reference="471"/>
                  <category id="489" name="DK" escape="false">
                    <variableNames id="490"/>
                    <noAnswer>false</noAnswer>
                  </category>
                </questionCategory>
              </questionCategories>
              <questions id="491"/>
            </question>
            <question id="492" name="EXERCISE_LEVEL" multiple="false" minCount="1" maxCount="1" uIFactoryName="quartz.DefaultQuestionPanelFactory">
              <page reference="469"/>
              <questionCategories id="493">
                <questionCategory id="494">
                  <question reference="492"/>
                  <category id="495" name="NO_ACTIVITY__SM228445002" escape="false">
                    <variableNames id="496"/>
                    <noAnswer>false</noAnswer>
                  </category>
                </questionCategory>
                <questionCategory id="497">
                  <question reference="492"/>
                  <category id="498" name="LIGHT_ACTIVITY__SM160631001" escape="false">
                    <variableNames id="499"/>
                    <noAnswer>false</noAnswer>
                  </category>
                </questionCategory>
                <questionCategory id="500">
                  <question reference="492"/>
                  <category id="501" name="MODERATE_ACTIVITY__SM160632008" escape="false">
                    <variableNames id="502"/>
                    <noAnswer>false</noAnswer>
                  </category>
                </questionCategory>
                <questionCategory id="503">
                  <question reference="492"/>
                  <category id="504" name="HEAVY_ACTIVITY__SM160633003" escape="false">
                    <variableNames id="505"/>
                    <noAnswer>false</noAnswer>
                  </category>
                </questionCategory>
                <questionCategory id="506">
                  <question reference="492"/>
                  <category id="507" name="EXTREME_ACTIVITY__SM102533007" escape="false">
                    <variableNames id="508"/>
                    <noAnswer>false</noAnswer>
                  </category>
                </questionCategory>
              </questionCategories>
              <questions id="509"/>
            </question>
          </questions>
        </page>
      </pages>
      <sections id="510"/>
    </section>
    <section id="3996" name="RiskFactorSocioeconomic">
      <pages id="3997">
        <page id="3998" name="Page10" uIFactoryName="quartz.DefaultPageLayoutFactory">
          <section reference="3996"/>
          <questions id="3999">
            <question id="4000" name="MARITAL_STATUS" multiple="false" minCount="1" maxCount="1" uIFactoryName="quartz.DefaultQuestionPanelFactory">
              <page reference="3998"/>
              <questionCategories id="4001">
                <questionCategory id="4002">
                  <question reference="4000"/>
                  <category id="4003" name="SINGLE__SM125725006" escape="false">
                    <variableNames id="4004"/>
                    <noAnswer>false</noAnswer>
                  </category>
                </questionCategory>
                <questionCategory id="4005">
                  <question reference="4000"/>
                  <category id="4006" name="MARRIED__SM87915002" escape="false">
                    <variableNames id="4007"/>
                    <noAnswer>false</noAnswer>
                  </category>
                </questionCategory>
                <questionCategory id="4008">
                  <question reference="4000"/>
                  <category id="4009" name="WIDOWED__SM33553000" escape="false">
                    <variableNames id="4010"/>
                    <noAnswer>false</noAnswer>
                  </category>
                </questionCategory>
                <questionCategory id="4011">
                  <question reference="4000"/>
                  <category id="4012" name="SEPARATED__SM13184001" escape="false">
                    <variableNames id="4013"/>
                    <noAnswer>false</noAnswer>
                  </category>
                </questionCategory>
                <questionCategory id="4014">
                  <question reference="4000"/>
                  <category id="4015" name="DIVORCED__SM20295000" escape="false">
                    <variableNames id="4016"/>
                    <noAnswer>false</noAnswer>
                  </category>
                </questionCategory>
                <questionCategory id="4017">
                  <question reference="4000"/>
                  <category id="4018" name="PNA" escape="false">
                    <variableNames id="4019"/>
                    <noAnswer>false</noAnswer>
                  </category>
                </questionCategory>
                <questionCategory id="4020">
                  <question reference="4000"/>
                  <category id="4021" name="DK__SM160504008" escape="false">
                    <variableNames id="4022"/>
                    <noAnswer>false</noAnswer>
                  </category>
                </questionCategory>
              </questionCategories>
              <questions id="4023"/>
            </question>
            <question id="4024" name="COHABIT" multiple="false" minCount="1" maxCount="1" uIFactoryName="quartz.DefaultQuestionPanelFactory">
              <page reference="3998"/>
              <questionCategories id="4025">
                <questionCategory id="4026">
                  <question reference="4024"/>
                  <category id="4027" name="YES__SM447051007" escape="false">
                    <variableNames id="4028"/>
                    <noAnswer>false</noAnswer>
                  </category>
                </questionCategory>
                <questionCategory id="4029">
                  <question reference="4024"/>
                  <category id="4030" name="NO" escape="false">
                    <variableNames id="4031"/>
                    <noAnswer>false</noAnswer>
                  </category>
                </questionCategory>
                <questionCategory id="4032">
                  <question reference="4024"/>
                  <category id="4033" name="PNA" escape="false">
                    <variableNames id="4034"/>
                    <noAnswer>false</noAnswer>
                  </category>
                </questionCategory>
                <questionCategory id="4035">
                  <question reference="4024"/>
                  <category id="4036" name="DK" escape="false">
                    <variableNames id="4037"/>
                    <noAnswer>false</noAnswer>
                  </category>
                </questionCategory>
              </questionCategories>
              <questions id="4038"/>
            </question>
            <question id="4039" name="HOUSEHOLD_NUMBER" multiple="false" minCount="1" maxCount="1" uIFactoryName="quartz.DefaultQuestionPanelFactory">
              <page reference="3998"/>
              <questionCategories id="4040">
                <questionCategory id="4041">
                  <question reference="4039"/>
                  <category id="4042" name="LIVE_ALONE__SM105529008" escape="false">
                    <variableNames id="4043"/>
                    <noAnswer>false</noAnswer>
                  </category>
                </questionCategory>
                <questionCategory id="4044">
                  <question reference="4039"/>
                  <category id="4045" name="VALUE" escape="false">
                    <openAnswerDefinition id="4046" name="PEOPLE__SM224525003" dataType="INTEGER" required="false" unit="people">
                      <uIArguments id="4047">
                        <string-array id="4048">
                          <string>size</string>
                          <string>2</string>
                        </string-array>
                      </uIArguments>
                      <validators id="4049"/>
                      <validationDataSources id="4050"/>
                      <defaultValues id="4051"/>
                      <openAnswerDefinitions id="4052"/>
                      <variableNames id="4053"/>
                    </openAnswerDefinition>
                    <variableNames id="4054"/>
                    <noAnswer>false</noAnswer>
                  </category>
                </questionCategory>
                <questionCategory id="4055">
                  <question reference="4039"/>
                  <category id="4056" name="PNA" escape="false">
                    <variableNames id="4057"/>
                    <noAnswer>false</noAnswer>
                  </category>
                </questionCategory>
                <questionCategory id="4058">
                  <question reference="4039"/>
                  <category id="4059" name="DK" escape="false">
                    <variableNames id="4060"/>
                    <noAnswer>false</noAnswer>
                  </category>
                </questionCategory>
              </questionCategories>
              <questions id="4061"/>
            </question>
            <question id="4062" name="WORK_STATUS" multiple="false" minCount="1" maxCount="1" uIFactoryName="quartz.DefaultQuestionPanelFactory">
              <page reference="3998"/>
              <questionCategories id="4063">
                <questionCategory id="4064">
                  <question reference="4062"/>
                  <category id="4065" name="NONE__SM73438004" escape="false">
                    <variableNames id="4066"/>
                    <noAnswer>false</noAnswer>
                  </category>
                </questionCategory>
                <questionCategory id="4067">
                  <question reference="4062"/>
                  <category id="4068" name="FULL_TIME__SM160903007" escape="false">
                    <variableNames id="4069"/>
                    <noAnswer>false</noAnswer>
                  </category>
                </questionCategory>
                <questionCategory id="4070">
                  <question reference="4062"/>
                  <category id="4071" name="PART_TIME__SM160904001" escape="false">
                    <variableNames id="4072"/>
                    <noAnswer>false</noAnswer>
                  </category>
                </questionCategory>
                <questionCategory id="4073">
                  <question reference="4062"/>
                  <category id="4074" name="SELF__SM160906004" escape="false">
                    <variableNames id="4075"/>
                    <noAnswer>false</noAnswer>
                  </category>
                </questionCategory>
                <questionCategory id="4076">
                  <question reference="4062"/>
                  <category id="4077" name="RETIRED__SM105493001" escape="false">
                    <variableNames id="4078"/>
                    <noAnswer>false</noAnswer>
                  </category>
                </questionCategory>
                <questionCategory id="4079">
                  <question reference="4062"/>
                  <category id="4080" name="PNA" escape="false">
                    <variableNames id="4081"/>
                    <noAnswer>false</noAnswer>
                  </category>
                </questionCategory>
                <questionCategory id="4082">
                  <question reference="4062"/>
                  <category id="4083" name="DK" escape="false">
                    <variableNames id="4084"/>
                    <noAnswer>false</noAnswer>
                  </category>
                </questionCategory>
              </questionCategories>
              <questions id="4085"/>
            </question>
            <question id="4086" name="EDUCATION_LEVEL" multiple="false" minCount="1" maxCount="1" uIFactoryName="quartz.DefaultQuestionPanelFactory">
              <page reference="3998"/>
              <questionCategories id="4087">
                <questionCategory id="4088">
                  <question reference="4086"/>
                  <category id="4089" name="DEGREE__SM42679009" escape="false">
                    <variableNames id="4090"/>
                    <noAnswer>false</noAnswer>
                  </category>
                </questionCategory>
                <questionCategory id="4091">
                  <question reference="4086"/>
                  <category id="4092" name="OTHER_HIGHER__SM224299000" escape="false">
                    <variableNames id="4093"/>
                    <noAnswer>false</noAnswer>
                  </category>
                </questionCategory>
                <questionCategory id="4094">
                  <question reference="4086"/>
                  <category id="4095" name="LEVEL3__SM224298008" escape="false">
                    <variableNames id="4096"/>
                    <noAnswer>false</noAnswer>
                  </category>
                </questionCategory>
                <questionCategory id="4097">
                  <question reference="4086"/>
                  <category id="4098" name="TRADE__SM440586004" escape="false">
                    <variableNames id="4099"/>
                    <noAnswer>false</noAnswer>
                  </category>
                </questionCategory>
                <questionCategory id="4100">
                  <question reference="4086"/>
                  <category id="4101" name="LEVEL2__SM224297003" escape="false">
                    <variableNames id="4102"/>
                    <noAnswer>false</noAnswer>
                  </category>
                </questionCategory>
                <questionCategory id="4103">
                  <question reference="4086"/>
                  <category id="4104" name="LEVEL1__SM224295006" escape="false">
                    <variableNames id="4105"/>
                    <noAnswer>false</noAnswer>
                  </category>
                </questionCategory>
                <questionCategory id="4106">
                  <question reference="4086"/>
                  <category id="4107" name="PNA" escape="false">
                    <variableNames id="4108"/>
                    <noAnswer>false</noAnswer>
                  </category>
                </questionCategory>
                <questionCategory id="4109">
                  <question reference="4086"/>
                  <category id="4110" name="DK" escape="false">
                    <variableNames id="4111"/>
                    <noAnswer>false</noAnswer>
                  </category>
                </questionCategory>
              </questionCategories>
              <questions id="4112"/>
            </question>
            <question id="4113" name="OCCUPATION" multiple="false" minCount="1" maxCount="1" uIFactoryName="quartz.DefaultQuestionPanelFactory">
              <page reference="3998"/>
              <questionCategories id="4114">
                <questionCategory id="4115">
                  <question reference="4113"/>
                  <category id="4116" name="MOD_PROFESSIONAL" escape="false">
                    <variableNames id="4117"/>
                    <noAnswer>false</noAnswer>
                  </category>
                </questionCategory>
                <questionCategory id="4118">
                  <question reference="4113"/>
                  <category id="4119" name="CLERICAL" escape="false">
                    <variableNames id="4120"/>
                    <noAnswer>false</noAnswer>
                  </category>
                </questionCategory>
                <questionCategory id="4121">
                  <question reference="4113"/>
                  <category id="4122" name="SNR_MANAGER" escape="false">
                    <variableNames id="4123"/>
                    <noAnswer>false</noAnswer>
                  </category>
                </questionCategory>
                <questionCategory id="4124">
                  <question reference="4113"/>
                  <category id="4125" name="TECHNICAL" escape="false">
                    <variableNames id="4126"/>
                    <noAnswer>false</noAnswer>
                  </category>
                </questionCategory>
                <questionCategory id="4127">
                  <question reference="4113"/>
                  <category id="4128" name="SEMI_ROUTINE" escape="false">
                    <variableNames id="4129"/>
                    <noAnswer>false</noAnswer>
                  </category>
                </questionCategory>
                <questionCategory id="4130">
                  <question reference="4113"/>
                  <category id="4131" name="JNR_MANAGER" escape="false">
                    <variableNames id="4132"/>
                    <noAnswer>false</noAnswer>
                  </category>
                </questionCategory>
                <questionCategory id="4133">
                  <question reference="4113"/>
                  <category id="4134" name="TRAD_PROFESSIONAL" escape="false">
                    <variableNames id="4135"/>
                    <noAnswer>false</noAnswer>
                  </category>
                </questionCategory>
                <questionCategory id="4136">
                  <question reference="4113"/>
                  <category id="4137" name="PNA" escape="false">
                    <variableNames id="4138"/>
                    <noAnswer>false</noAnswer>
                  </category>
                </questionCategory>
                <questionCategory id="4139">
                  <question reference="4113"/>
                  <category id="4140" name="DK" escape="false">
                    <variableNames id="4141"/>
                    <noAnswer>false</noAnswer>
                  </category>
                </questionCategory>
              </questionCategories>
              <questions id="4142"/>
            </question>
          </questions>
        </page>
      </pages>
      <sections id="4143"/>
    </section>
  </sections>
  
</questionnaire>
